Reference,Drug,Abbreviation,AST,Gene,Locus ,Locus_New,Chromosome,Strand,Start,Stop,Sequence_Ref,Positive Ref Codon,Positive Alt Codon,Reference Nucleotide,Alternative Nucleotide,Nucleotide change,Chromosome position,Amino acid change
"Sarovich et al., 2018 Clin Infect Dis 67(2):243-250. https://doi.org/10.1093/cid/ciy069",Meropenem,MEM,Resistance,amrR,BPSL1805,BPS_RS09585,1,Positive,2152309,2152980,NC_006350.1,GAG,TAG,G,T,G568T,2152876,Glu190*
"Sarovich et al., 2018 Clin Infect Dis 67(2):243-250. https://doi.org/10.1093/cid/ciy069",Meropenem,MEM,Resistance,amrR,BPSL1805,BPS_RS09585,1,Positive,2152309,2152980,NC_006350.1,CTG,CCG,T,C,T395C,2152703,Leu132Pro
"Sarovich et al., 2018 Clin Infect Dis 67(2):243-250. https://doi.org/10.1093/cid/ciy069",Meropenem,MEM,Resistance,amrR,BPSL1805,BPS_RS09585,1,Positive,2152309,2152980,NC_006350.1,GAG,GAT,G,T,G63T,2152371,Glu21Asp
"Sarovich et al., 2018 Clin Infect Dis 67(2):243-250. https://doi.org/10.1093/cid/ciy069",Meropenem,MEM,Resistance,amrR,BPSL1805,BPS_RS09585,1,Positive,2152309,2152980,NC_006350.1,GAG,GAC,G,C,G63C,2152371,Glu21Asp
"Sarovich et al., 2018 Clin Infect Dis 67(2):243-250. https://doi.org/10.1093/cid/ciy069",Meropenem,MEM,Resistance,amrR,BPSL1805,BPS_RS09585,1,Positive,2152309,2152980,NC_006350.1,GGC,GAC,G,A,G89A,2152397,Gly30Asp
"Madden et al., 2020 (Unpublished)",Meropenem,MEM,Resistance,amrR,BPSL1805,BPS_RS09585,1,Positive,2152309,2152980,NC_006350.1,GCG,ACG,G,A,G139A,2152447,Ala47Thr
"Sarovich et al., 2018 Clin Infect Dis 67(2):243-250. https://doi.org/10.1093/cid/ciy069",Meropenem,MEM,Resistance,amrR,BPSL1805,BPS_RS09585,1,Positive,2152309,2152980,NC_006350.1,TCG,CCG,T,C,T496C,2152804,Ser166Pro
"Sarovich et al., 2018 Clin Infect Dis 67(2):243-250. https://doi.org/10.1093/cid/ciy069",Meropenem,MEM,Resistance,bpeR,BPSL0812,BPS_RS04280,1,Negative,941844,942479,NC_006350.1,CTG,CGG,T,G,T527G,941953,Asp176Ala
"Sarovich et al., 2018 Clin Infect Dis 67(2):243-250. https://doi.org/10.1093/cid/ciy069",Amoxycillin/Clavulanic acid,AMC,Intermediate,bpeR,BPSL0812,BPS_RS04280,1,Negative,941844,942479,NC_006350.1,CTG,CGG,T,G,T527G,941953,Asp176Ala
"Podnecky et al., 2017 MBio 8(5):e01357-17. https://doi.org/10.1128/mBio.01357-17",Co-trimoxazole,SXT,Resistance,bpeS,BPSL0731,BPS_RS03845,1,Positive,844365,845339,NC_006350.1,AAG,ACG,A,C,A800C,845164,Lys267Thr
"Podnecky et al., 2017 MBio 8(5):e01357-17. https://doi.org/10.1128/mBio.01357-17",Co-trimoxazole,SXT,Resistance,bpeS,BPSL0731,BPS_RS03845,1,Positive,844365,845339,NC_006350.1,CCG,TCG,C,T,C85T,844449,Pro29Ser
"Podnecky et al., 2017 MBio 8(5):e01357-17. https://doi.org/10.1128/mBio.01357-17",Co-trimoxazole,SXT,Resistance,bpeS,BPSL0731,BPS_RS03845,1,Positive,844365,845339,NC_006350.1,CGC,CTC,G,T,G488T,844852,Arg163Leu
"Viberg et al., 2017 MBio 8(2):00356-17. https://doi.org/10.1128/mBio.00356-17",Co-trimoxazole,SXT,Resistance,dut,BPSL0903,BPS_RS04770,1,Negative,1054042,1054488,NC_006350.1,CAC,CGC,A,G,A230G,1054259,Val77Ala
"Sarovich et al., 2018 Clin Infect Dis 67(2):243-250. https://doi.org/10.1093/cid/ciy069",Co-trimoxazole,SXT,Resistance,dut,BPSL0903,BPS_RS04770,1,Negative,1054042,1054488,NC_006350.1,CCG,CGG,C,G,C272G,1054217,Gly91Ala
,Co-trimoxazole,SXT,Resistance,dut,BPSL0903,BPS_RS04770,1,Negative,1054042,1054488,NC_006350.1,TTG,TCG,T,C,T296C,1054193,Asn99Ser
"Viberg et al., 2017 MBio 8(2):00356-17. https://doi.org/10.1128/mBio.00356-17",Co-trimoxazole,SXT,Resistance,metF,BPSL3288,BPS_RS17725,1,Negative,3904907,3905737,NC_006350.1,GTC,GGC,T,G,T83G,3905655,Gln28Pro
"Viberg et al., 2017 MBio 8(2):00356-17. https://doi.org/10.1128/mBio.00356-17",Co-trimoxazole,SXT,Resistance,metF,BPSL3288,BPS_RS17725,1,Negative,3904907,3905737,NC_006350.1,TTG,TGG,T,G,T485G,3905253,Asn162Thr
"Podnecky et al., 2017 MBio 8(5):e01357-17. https://doi.org/10.1128/mBio.01357-17",Co-trimoxazole,SXT,Resistance,bpeT,BPSS0290,BPS_RS20215,2,Negative,388854,389858,NC_006351.1,GTA,ATA,G,A,G832A,389027,His278Tyr
"Price et al., 2013 MBio 4(4):e00388-13. https://doi.org/10.1128/mBio.00388-13",Amoxycillin/Clavulanic acid,AMC,Resistance,penA,BPSS0946,BPS_RS23870,2,Positive,1248195,1249082,NC_006351.1,TCC,TTC,C,T,C233T,1248427,Ser78Phe
"Sarovich et al., 2012 PLoS ONE 7(2):e30789. https://doi.org/10.1371/journal.pone.0030789; Hayden et al., 2012 PLoS ONE 7(5): e36507. 10.1371/journal.pone.0036507",Ceftazidime,CAZ,Intermediate,penA,BPSS0946,BPS_RS23870,2,Positive,1248195,1249082,NC_006351.1,na,na,G,A,-78G>A,1248117,-78G>A
"Sam et al., 2009 J Clin Microbiol 47(5):1556-1558. https://doi.org/10.1128/JCM.01657-08",Ceftazidime,CAZ,Resistance,penA,BPSS0946,BPS_RS23870,2,Positive,1248195,1249082,NC_006351.1,TGC,TAC,G,A,G224A,1248418,Cys75Tyr
"Tribuddharat et al., 2003 Antimicrob Agents Chemother 47(7):2082-2087. https://doi.org/10.1128/AAC.47.7.2082-2087.2003",Ceftazidime,CAZ,Resistance,penA,BPSS0946,BPS_RS23870,2,Positive,1248195,1249082,NC_006351.1,CCT,TCT,C,T,C517T,1248711,Pro173Ser
"Bugrysheva et al., 2017 Antimicrob Agents Chemother 61(6):e00010-17. https://doi.org/10.1128/AAC.00010-17",Ceftazidime,CAZ,Resistance,penA,BPSS0946,BPS_RS23870,2,Positive,1248195,1249082,NC_006351.1,GAC,GGC,A,G,A734G,1248928,Asp245Gly
"Podnecky et al., 2017 MBio 8(5):e01357-17. https://doi.org/10.1128/mBio.01357-17",Co-trimoxazole,SXT,Resistance,ptr1,BPSS0039,BPS_RS18745,2,Negative,38606,39409,NC_006351.1,CAC,CCC,A,C,A44C,39366,Val15Gly
"Viberg et al., 2017 MBio 8(2):00356-17. https://doi.org/10.1128/mBio.00356-17",Co-trimoxazole,SXT,Resistance,ptr1,BPSS0039,BPS_RS18745,2,Negative,38606,39409,NC_006351.1,ACC,GCC,A,G,A346G,39064,Trp116Arg